Gene name (ENSEMBL),Hugo,Fold Change,Adjusted p-value
ENSG00000003096,KLHL13,1.990185428,3.31E-51
ENSG00000003400,CASP10,1.369626021,6.66E-23
ENSG00000005001,PRSS22,-0.70128321,5.58E-10
ENSG00000006025,OSBPL7,-0.772742762,1.30E-09
ENSG00000006534,ALDH3B1,0.46648208,0.001825063
ENSG00000007384,RHBDF1,-0.789271135,3.91E-26
ENSG00000008086,CDKL5,-0.883311801,5.05E-13
ENSG00000008513,ST3GAL1,-0.140161782,0.345097076
ENSG00000011028,MRC2,1.354199122,3.66E-39
ENSG00000012660,ELOVL5,1.315003082,1.10E-104
ENSG00000013588,GPRC5A,-0.783114679,3.08E-22
ENSG00000014257,ACPP,1.392111601,1.52E-25
ENSG00000016402,IL20RA,1.073437419,5.12E-10
ENSG00000018236,CNTN1,1.792918598,1.18E-10
ENSG00000019186,CYP24A1,3.421912941,3.00E-73
ENSG00000022267,FHL1,1.06832171,9.40E-07
ENSG00000023445,BIRC3,1.267009529,5.15E-102
ENSG00000023902,PLEKHO1,0.601448492,3.16E-08
ENSG00000023909,GCLM,0.667856366,2.01E-17
ENSG00000025423,HSD17B6,1.16951798,2.33E-12
ENSG00000026103,FAS,0.88832274,2.12E-10
ENSG00000026508,CD44,2.145151141,4.13E-159
ENSG00000026950,BTN3A1,1.403469804,4.54E-25
ENSG00000027697,IFNGR1,1.374275602,7.97E-123
ENSG00000033327,GAB2,0.54762953,4.68E-08
ENSG00000039560,RAI14,0.81264447,2.87E-27
ENSG00000041353,RAB27B,-1.268202317,4.78E-83
ENSG00000042493,CAPG,0.221837238,0.060275908
ENSG00000043039,BARX2,1.26722079,1.35E-27
ENSG00000047597,XK,0.80769451,6.04E-08
ENSG00000047644,WWC3,-1.054913012,1.18E-73
ENSG00000048540,LMO3,-0.442918719,0.015194555
ENSG00000049759,NEDD4L,-2.059176575,1.07E-202
ENSG00000051128,HOMER3,1.079690564,3.27E-30
ENSG00000054598,FOXC1,0.670428659,0.001058795
ENSG00000055332,EIF2AK2,1.156550474,1.94E-78
ENSG00000056558,TRAF1,-1.809891547,1.53E-27
ENSG00000057149,SERPINB3,2.997647929,3.72E-28
ENSG00000058335,RASGRF1,-1.033879869,1.97E-12
ENSG00000058668,ATP2B4,1.185472704,8.67E-61
ENSG00000059378,PARP12,0.923175557,3.59E-37
ENSG00000059804,SLC2A3,0.954330834,1.13E-17
ENSG00000060982,BCAT1,1.193296994,1.15E-20
ENSG00000062282,DGAT2,1.080681766,9.25E-37
ENSG00000062716,VMP1,-0.461160817,0.001043932
ENSG00000063180,CA11,1.412977509,7.31E-24
ENSG00000063438,AHRR,-0.649332384,0.00013105
ENSG00000064205,WISP2,2.182518723,1.39E-73
ENSG00000064270,ATP2C2,-0.603873079,8.71E-36
ENSG00000064393,HIPK2,-1.001703703,8.10E-22
ENSG00000064652,SNX24,0.537549257,5.05E-09
ENSG00000064666,CNN2,-0.288354434,0.000160566
ENSG00000064692,SNCAIP,1.683651328,3.03E-11
ENSG00000064787,BCAS1,-2.014612906,0
ENSG00000064886,CHI3L2,1.647386183,1.95E-21
ENSG00000065320,NTN1,0.529365745,2.73E-05
ENSG00000065618,COL17A1,2.400463495,7.32E-24
ENSG00000065717,TLE2,-0.995416393,1.43E-76
ENSG00000065809,FAM107B,-0.434206536,5.05E-13
ENSG00000065989,PDE4A,1.186704351,1.52E-12
ENSG00000066230,SLC9A3,-0.549873788,0.01393163
ENSG00000066382,MPPED2,1.009132186,2.59E-05
ENSG00000066468,FGFR2,-0.900563979,2.17E-15
ENSG00000066697,MSANTD3,0.743708872,1.13E-29
ENSG00000067066,SP100,0.938919399,2.56E-53
ENSG00000068079,IFI35,0.819919252,2.28E-17
ENSG00000068366,ACSL4,0.736935304,2.82E-13
ENSG00000069188,SDK2,1.042826802,1.75E-06
ENSG00000069399,BCL3,-0.392842943,0.000303924
ENSG00000069482,GAL,1.245913483,1.58E-36
ENSG00000070190,DAPP1,1.92499847,3.01E-42
ENSG00000070778,PTPN21,-1.267579483,6.73E-22
ENSG00000071073,MGAT4A,-0.833640278,1.10E-67
ENSG00000071242,RPS6KA2,-0.510803827,0.012514927
ENSG00000071575,TRIB2,2.053630171,3.25E-71
ENSG00000072422,RHOBTB1,1.628401996,8.91E-28
ENSG00000072818,ACAP1,-0.63637541,0.000170291
ENSG00000072832,CRMP1,0.514099523,0.000361527
ENSG00000073282,TP63,3.655709438,9.81E-125
ENSG00000073792,IGF2BP2,-1.045333557,7.42E-05
ENSG00000074370,ATP2A3,-0.998848077,5.84E-51
ENSG00000074410,CA12,1.055917928,9.84E-88
ENSG00000075213,SEMA3A,0.885148942,7.40E-11
ENSG00000075618,FSCN1,1.397285732,2.17E-42
ENSG00000075651,PLD1,1.934387549,1.51E-142
ENSG00000076706,MCAM,0.71312647,8.65E-06
ENSG00000078018,MAP2,-1.11919286,4.75E-13
ENSG00000078081,LAMP3,1.023122051,8.01E-11
ENSG00000078401,EDN1,-0.274750228,4.86E-07
ENSG00000079841,RIMS1,-0.133413015,0.56328141
ENSG00000080224,EPHA6,1.078009512,1.92E-07
ENSG00000081277,PKP1,2.48478983,3.70E-302
ENSG00000082175,PGR,2.509565921,1.08E-71
ENSG00000083454,P2RX5,1.158618369,2.58E-24
ENSG00000083857,FAT1,-0.795350031,8.28E-59
ENSG00000084110,HAL,3.896040889,1.44E-97
ENSG00000084628,NKAIN1,1.018648283,0.000313046
ENSG00000085741,WNT11,1.054910963,0.000427742
ENSG00000086289,EPDR1,0.829706664,2.76E-12
ENSG00000086548,CEACAM6,-0.688621955,2.84E-05
ENSG00000087085,ACHE,-1.634839956,2.64E-21
ENSG00000087258,GNAO1,1.923880239,5.05E-21
ENSG00000087842,PIR,0.481934946,1.21E-06
ENSG00000088340,FER1L4,-1.082066005,1.86E-11
ENSG00000088726,TMEM40,1.359142257,1.48E-17
ENSG00000088992,TESC,0.32404072,0.154821031
ENSG00000089041,P2RX7,0.470758371,0.007905784
ENSG00000089127,OAS1,3.560648503,1.73E-205
ENSG00000089692,LAG3,-0.800200579,0.007552919
ENSG00000090238,YPEL3,-1.215725595,5.06E-68
ENSG00000090534,THPO,-0.637090434,0.05663031
ENSG00000090539,CHRD,-1.517440057,7.12E-42
ENSG00000091127,PUS7,0.600809883,2.43E-33
ENSG00000091129,NRCAM,-0.84467502,2.38E-32
ENSG00000091428,RAPGEF4,0.491651244,0.094261107
ENSG00000091527,CDV3,0.681876235,4.98E-39
ENSG00000092621,PHGDH,0.895414395,3.00E-31
ENSG00000092929,UNC13D,-1.094838756,2.84E-114
ENSG00000092969,TGFB2,-1.200985759,2.55E-24
ENSG00000093134,VNN3,1.745041763,7.29E-12
ENSG00000094755,GABRP,-1.009785333,0.001817653
ENSG00000095585,BLNK,-1.239379565,6.87E-27
ENSG00000096006,CRISP3,-0.520776375,0.006811727
ENSG00000099204,ABLIM1,1.03961166,4.13E-72
ENSG00000099246,RAB18,-0.421458782,1.37E-11
ENSG00000099260,PALMD,2.487437043,4.96E-28
ENSG00000099994,SUSD2,-1.013036013,2.65E-12
ENSG00000100234,TIMP3,-0.526436841,2.05E-18
ENSG00000100276,RASL10A,-1.102109743,1.14E-06
ENSG00000100292,HMOX1,1.087846617,1.14E-10
ENSG00000100311,PDGFB,-1.028500231,2.43E-34
ENSG00000100373,UPK3A,-1.453634669,NA
ENSG00000100473,COCH,0.302328257,0.046903077
ENSG00000100490,CDKL1,0.843600125,7.94E-06
ENSG00000100867,DHRS2,1.066627948,9.04E-37
ENSG00000100968,NFATC4,-1.000686549,1.19E-14
ENSG00000101000,PROCR,1.545493913,7.87E-29
ENSG00000101098,RIMS4,0.707516951,4.42E-15
ENSG00000101115,SALL4,-0.92343744,1.35E-21
ENSG00000101213,PTK6,-0.546539364,2.49E-07
ENSG00000101265,RASSF2,-0.244976009,0.259869212
ENSG00000101347,SAMHD1,0.844388246,6.59E-35
ENSG00000101384,JAG1,1.546350123,1.03E-25
ENSG00000101417,PXMP4,-0.426155263,6.22E-18
ENSG00000101443,WFDC2,0.674611959,0.005627467
ENSG00000101463,SYNDIG1,1.006870697,0.001303605
ENSG00000101493,ZNF516,1.261914471,2.82E-54
ENSG00000101773,RBBP8,1.434120433,3.17E-183
ENSG00000102048,ASB9,1.558222756,6.14E-19
ENSG00000102362,SYTL4,0.918978211,3.77E-38
ENSG00000102393,GLA,0.799567377,4.96E-36
ENSG00000102554,KLF5,1.517877769,6.40E-51
ENSG00000102683,SGCG,-1.452480126,1.79E-22
ENSG00000102854,MSLN,2.426852907,1.79E-27
ENSG00000102878,HSF4,-0.604921687,0.001127565
ENSG00000102886,GDPD3,-1.372907071,4.54E-55
ENSG00000103154,NECAB2,1.050632708,8.27E-05
ENSG00000103196,CRISPLD2,-0.997817363,5.99E-24
ENSG00000103257,SLC7A5,1.260789728,1.47E-80
ENSG00000103269,RHBDL1,-0.640203128,8.75E-05
ENSG00000104205,SGK3,1.098319084,1.39E-37
ENSG00000104267,CA2,1.514055789,1.56E-13
ENSG00000104870,FCGRT,1.198629615,4.52E-07
ENSG00000104953,TLE6,-0.945661952,3.71E-05
ENSG00000104998,IL27RA,1.641625896,6.29E-105
ENSG00000105141,CASP14,2.109787994,1.79E-17
ENSG00000105255,FSD1,0.707542504,5.02E-13
ENSG00000105427,CNFN,1.347343346,9.00E-09
ENSG00000105559,PLEKHA4,1.915433246,2.45E-84
ENSG00000105784,RUNDC3B,-0.975053763,3.11E-10
ENSG00000105929,ATP6V0A4,-0.426690052,0.019449566
ENSG00000105974,CAV1,1.440923412,3.40E-37
ENSG00000106066,CPVL,-0.12828792,0.75339678
ENSG00000106123,EPHB6,1.012359797,2.06E-18
ENSG00000106366,SERPINE1,2.105130063,2.26E-27
ENSG00000106484,MEST,0.555775256,1.38E-16
ENSG00000106780,MEGF9,0.451608447,2.29E-11
ENSG00000106785,TRIM14,0.713454736,1.17E-24
ENSG00000106853,PTGR1,0.253523192,0.019206685
ENSG00000107201,DDX58,1.827891274,6.64E-119
ENSG00000107242,PIP5K1B,-1.253948619,5.75E-12
ENSG00000107281,NPDC1,-0.612981457,9.85E-14
ENSG00000107518,ATRNL1,0.984584498,1.85E-52
ENSG00000107562,CXCL12,3.980925754,0
ENSG00000107954,NEURL1,-0.45665528,0.057807706
ENSG00000108244,KRT23,4.70979084,1.27E-139
ENSG00000108352,RAPGEFL1,1.354646008,6.13E-107
ENSG00000108551,RASD1,-1.236834976,4.39E-35
ENSG00000108679,LGALS3BP,1.110329761,4.78E-72
ENSG00000108771,DHX58,1.216387662,4.58E-08
ENSG00000108830,RND2,0.577150182,3.10E-05
ENSG00000108846,ABCC3,0.237463004,0.036906472
ENSG00000109072,VTN,-0.630076016,0.001286586
ENSG00000109099,PMP22,-0.37617181,0.001501503
ENSG00000109321,AREG,5.669968096,0
ENSG00000109436,TBC1D9,-0.209164668,3.39E-05
ENSG00000109472,CPE,-0.234156576,0.006439901
ENSG00000109674,NEIL3,0.513835742,6.00E-11
ENSG00000109794,FAM149A,-1.060573255,5.05E-05
ENSG00000109861,CTSC,1.500491973,7.65E-113
ENSG00000110080,ST3GAL4,-0.491664776,1.49E-08
ENSG00000110169,HPX,-0.934203087,2.31E-05
ENSG00000110375,UPK2,-1.022212741,1.31E-05
ENSG00000110436,SLC1A2,-0.117144664,0.4421795
ENSG00000111052,LIN7A,-1.477670929,2.95E-66
ENSG00000111077,TNS2,-0.71840602,5.32E-14
ENSG00000111331,OAS3,1.684689634,2.48E-134
ENSG00000111335,OAS2,2.567905523,2.41E-48
ENSG00000111339,ART4,1.950052476,1.77E-18
ENSG00000111341,MGP,2.716186167,9.73E-96
ENSG00000111344,RASAL1,1.12037064,7.13E-20
ENSG00000111404,RERGL,0.470229921,0.039370431
ENSG00000111666,CHPT1,0.612831082,6.42E-26
ENSG00000111799,COL12A1,-0.69374258,1.09E-20
ENSG00000111801,BTN3A3,1.878187591,1.27E-21
ENSG00000111816,FRK,0.824782879,8.20E-35
ENSG00000111863,ADTRP,2.944531768,4.64E-30
ENSG00000111885,MAN1A1,1.583516316,1.28E-46
ENSG00000111907,TPD52L1,1.59519034,5.09E-151
ENSG00000111961,SASH1,-1.195512695,1.12E-09
ENSG00000111962,UST,0.791118252,2.78E-15
ENSG00000112175,BMP5,2.967430231,4.78E-37
ENSG00000112183,RBM24,1.604709927,6.47E-25
ENSG00000112186,CAP2,0.758680143,2.79E-27
ENSG00000112208,BAG2,1.321908602,1.69E-44
ENSG00000112245,PTP4A1,1.692568451,7.56E-170
ENSG00000112303,VNN2,1.272249912,4.76E-05
ENSG00000112378,PERP,1.351697004,2.38E-91
ENSG00000113108,APBB3,-0.548271152,0.000217052
ENSG00000113211,PCDHB6,1.493293,1.83E-11
ENSG00000113296,THBS4,0.821058234,0.002418286
ENSG00000113356,POLR3G,1.328282842,1.40E-47
ENSG00000113389,NPR3,1.275761038,1.88E-48
ENSG00000113504,SLC12A7,-0.417059953,2.75E-11
ENSG00000113924,HGD,1.805358631,7.49E-38
ENSG00000114019,AMOTL2,-0.989733771,3.49E-85
ENSG00000114166,KAT2B,-0.528682185,5.05E-14
ENSG00000114251,WNT5A,1.887520028,7.09E-15
ENSG00000114770,ABCC5,-1.001010568,7.84E-38
ENSG00000114771,AADAC,2.167859413,4.45E-13
ENSG00000115009,CCL20,1.964370147,4.73E-11
ENSG00000115267,IFIH1,1.557392759,3.06E-115
ENSG00000115271,GCA,0.606824648,5.93E-19
ENSG00000115355,CCDC88A,1.28152865,7.50E-24
ENSG00000115380,EFEMP1,-1.272140881,5.95E-93
ENSG00000115414,FN1,0.309923101,1.12E-08
ENSG00000115415,STAT1,1.048427366,3.71E-50
ENSG00000115461,IGFBP5,-0.95352309,2.23E-56
ENSG00000115468,EFHD1,-1.049469274,1.13E-32
ENSG00000115594,IL1R1,-1.580418382,2.41E-32
ENSG00000115596,WNT6,2.564466299,3.75E-45
ENSG00000115616,SLC9A2,-1.141451999,2.57E-51
ENSG00000115705,TPO,-1.256901712,6.10E-10
ENSG00000115963,RND3,-0.097637456,0.368546435
ENSG00000116117,PARD3B,-0.727322542,1.02E-05
ENSG00000116141,MARK1,2.362392729,1.36E-29
ENSG00000116299,KIAA1324,-0.656101097,3.43E-24
ENSG00000116661,FBXO2,1.104016419,1.59E-10
ENSG00000116701,NCF2,1.299862559,2.27E-06
ENSG00000116729,WLS,1.447386464,1.03E-11
ENSG00000116833,NR5A2,0.281805673,0.174410815
ENSG00000117009,KMO,1.114565379,5.34E-19
ENSG00000117114,ADGRL2,2.909145701,1.05E-68
ENSG00000117115,PADI2,1.883409576,4.26E-38
ENSG00000117122,MFAP2,0.22815982,0.204047839
ENSG00000117226,GBP3,1.03097857,1.68E-10
ENSG00000117228,GBP1,0.646148518,0.002790207
ENSG00000117394,SLC2A1,0.954023616,8.02E-48
ENSG00000117472,TSPAN1,-0.571424962,0.002423818
ENSG00000117479,SLC19A2,0.815685417,6.90E-38
ENSG00000117593,DARS2,0.531673406,4.07E-21
ENSG00000117984,CTSD,1.491739898,2.97E-99
ENSG00000118137,APOA1,1.323297774,2.14E-06
ENSG00000118402,ELOVL4,1.054386678,2.74E-25
ENSG00000118513,MYB,1.666331103,3.76E-139
ENSG00000118515,SGK1,2.223007013,3.31E-51
ENSG00000118520,ARG1,2.176672929,7.39E-16
ENSG00000118707,TGIF2,0.910634591,1.14E-37
ENSG00000118777,ABCG2,-1.241760332,3.84E-34
ENSG00000118985,ELL2,1.181450235,1.10E-35
ENSG00000119599,DCAF4,-1.227227697,7.87E-154
ENSG00000119632,IFI27L2,0.735007044,0.000114898
ENSG00000119673,ACOT2,-0.955506526,0.002075681
ENSG00000119714,GPR68,2.319558087,1.26E-29
ENSG00000119782,FKBP1B,0.496549015,0.146956068
ENSG00000119917,IFIT3,3.235968062,2.09E-79
ENSG00000119922,IFIT2,3.196101071,5.61E-89
ENSG00000120658,ENOX1,-1.15329248,5.63E-08
ENSG00000120800,UTP20,0.803782072,1.90E-87
ENSG00000120875,DUSP4,1.04061751,3.38E-23
ENSG00000121101,TEX14,2.709846178,2.83E-117
ENSG00000121236,TRIM6,0.588949637,0.001735296
ENSG00000121281,ADCY7,1.047034201,1.08E-29
ENSG00000121361,KCNJ8,-0.813876968,0.000833208
ENSG00000121552,CSTA,1.11172979,9.72E-35
ENSG00000121858,TNFSF10,3.504909658,6.11E-68
ENSG00000121966,CXCR4,-0.904729691,2.62E-13
ENSG00000122025,FLT3,1.228733855,1.93E-12
ENSG00000122694,GLIPR2,0.110974722,0.724345782
ENSG00000122707,RECK,0.414660243,0.125679026
ENSG00000122786,CALD1,0.668519532,4.53E-07
ENSG00000122986,HVCN1,-0.134427082,0.695881539
ENSG00000123096,SSPN,0.269784197,0.324492209
ENSG00000123119,NECAB1,3.415428878,2.46E-138
ENSG00000123191,ATP7B,-1.331619108,9.03E-47
ENSG00000123999,INHA,-1.460108593,1.49E-16
ENSG00000124102,PI3,6.417269666,4.63E-247
ENSG00000124107,SLPI,4.420108306,1.32E-102
ENSG00000124126,PREX1,-1.760893718,9.46E-305
ENSG00000124143,ARHGAP40,-1.441806554,1.58E-07
ENSG00000124343,XG,1.131784019,0.000267766
ENSG00000124391,IL17C,-0.043418869,0.873262304
ENSG00000124406,ATP8A1,-1.090706716,1.36E-30
ENSG00000124429,POF1B,0.896469116,1.18E-33
ENSG00000124493,GRM4,-1.431293311,1.34E-14
ENSG00000124749,COL21A1,1.513895424,1.07E-09
ENSG00000124813,RUNX2,1.735960061,7.87E-17
ENSG00000125148,MT2A,1.185296309,2.34E-38
ENSG00000125266,EFNB2,0.499963254,1.04E-05
ENSG00000125354,42619,1.645421167,1.28E-20
ENSG00000125508,SRMS,-0.991165677,0.000113522
ENSG00000125730,C3,2.160345866,2.12E-45
ENSG00000125848,FLRT3,1.462416461,1.42E-20
ENSG00000125851,PCSK2,-1.088672206,1.85E-09
ENSG00000125968,ID1,-0.058669058,0.317741327
ENSG00000126709,IFI6,3.696965332,4.54E-222
ENSG00000127329,PTPRB,2.357904386,2.02E-66
ENSG00000127824,TUBA4A,2.528036366,6.44E-69
ENSG00000127946,HIP1,0.549295098,1.32E-19
ENSG00000127954,STEAP4,3.842110677,1.08E-218
ENSG00000127955,GNAI1,2.017831427,4.79E-71
ENSG00000128045,RASL11B,-1.227366154,1.28E-08
ENSG00000128266,GNAZ,0.587993762,1.27E-05
ENSG00000128268,MGAT3,0.273457065,0.340480416
ENSG00000128271,ADORA2A,3.226586111,2.50E-56
ENSG00000128274,A4GALT,1.606608788,1.15E-61
ENSG00000128422,KRT17,6.561393795,0
ENSG00000128536,CDHR3,0.612776211,0.001311213
ENSG00000128567,PODXL,0.634536194,1.09E-25
ENSG00000128573,FOXP2,0.443225203,2.97E-05
ENSG00000128641,MYO1B,-1.351421187,6.41E-171
ENSG00000128829,EIF2AK4,0.722874174,4.37E-31
ENSG00000128918,ALDH1A2,-0.664167052,0.041169363
ENSG00000129151,BBOX1,2.219875061,1.37E-15
ENSG00000129422,MTUS1,-0.203331464,0.003506269
ENSG00000129455,KLK8,2.824862717,1.97E-26
ENSG00000129521,EGLN3,-0.682753049,3.63E-09
ENSG00000130147,SH3BP4,-0.911832254,6.07E-60
ENSG00000130203,APOE,1.643799533,5.22E-38
ENSG00000130303,BST2,2.692921213,4.36E-174
ENSG00000130487,KLHDC7B,3.924344486,1.55E-123
ENSG00000130518,KIAA1683,-0.872123066,0.000473922
ENSG00000130600,H19,4.166100231,0
ENSG00000130653,PNPLA7,-0.871250931,2.85E-09
ENSG00000130707,ASS1,0.735384722,1.06E-20
ENSG00000130829,DUSP9,1.279194532,1.02E-35
ENSG00000131018,SYNE1,1.480695392,4.69E-65
ENSG00000131037,EPS8L1,-0.904759624,3.32E-42
ENSG00000131378,RFTN1,-1.12746729,3.42E-11
ENSG00000132329,RAMP1,1.442614556,3.69E-19
ENSG00000132530,XAF1,1.605926266,6.21E-21
ENSG00000132554,RGS22,2.45581459,8.08E-48
ENSG00000132669,RIN2,-1.552199838,6.22E-29
ENSG00000132688,NES,0.699382706,8.98E-11
ENSG00000133048,CHI3L1,2.335010132,1.99E-18
ENSG00000133063,CHIT1,1.512924001,2.12E-07
ENSG00000133101,CCNA1,0.863586361,6.43E-18
ENSG00000133687,TMTC1,1.33712543,9.81E-17
ENSG00000133710,SPINK5,3.645887287,4.25E-302
ENSG00000133816,MICAL2,1.758575056,1.26E-57
ENSG00000133863,TEX15,0.820806338,4.99E-19
ENSG00000133985,TTC9,-0.746822945,8.03E-12
ENSG00000134202,GSTM3,-1.232607255,1.11E-120
ENSG00000134215,VAV3,1.51969698,1.95E-107
ENSG00000134258,VTCN1,-0.550764569,4.19E-08
ENSG00000134317,GRHL1,1.170718065,6.08E-122
ENSG00000134321,RSAD2,1.070183729,7.72E-07
ENSG00000134326,CMPK2,1.260153238,1.21E-15
ENSG00000134339,SAA2,1.398613585,5.52E-08
ENSG00000134533,RERG,2.057378641,3.78E-112
ENSG00000134569,LRP4,1.389840663,2.46E-24
ENSG00000134760,DSG1,5.274084685,0
ENSG00000134765,DSC1,4.757435446,5.85E-220
ENSG00000134775,FHOD3,0.679353116,0.001557072
ENSG00000134827,TCN1,4.007978042,7.75E-79
ENSG00000134830,C5AR2,1.378949694,1.56E-80
ENSG00000134955,SLC37A2,-0.964952358,8.08E-24
ENSG00000135046,ANXA1,1.649315605,1.81E-14
ENSG00000135052,GOLM1,0.846789463,6.32E-33
ENSG00000135069,PSAT1,0.868595016,2.94E-21
ENSG00000135083,CCNJL,0.970131561,3.24E-07
ENSG00000135114,OASL,1.932883216,1.67E-43
ENSG00000135116,HRK,1.332830677,1.30E-11
ENSG00000135218,CD36,3.249089307,4.14E-67
ENSG00000135424,ITGA7,-0.506716695,0.004541172
ENSG00000135454,B4GALNT1,0.911685038,3.44E-24
ENSG00000135477,KRT87P,-1.60297704,2.77E-17
ENSG00000135480,KRT7,-0.487405033,9.33E-13
ENSG00000135549,PKIB,1.454092377,8.09E-115
ENSG00000135643,KCNMB4,1.261262014,3.31E-21
ENSG00000135709,KIAA0513,-0.970409304,4.18E-60
ENSG00000135722,FBXL8,-0.647445093,3.53E-07
ENSG00000135842,FAM129A,0.06441936,0.761635364
ENSG00000135899,SP110,1.101121949,2.34E-19
ENSG00000135905,DOCK10,1.350963928,1.03E-28
ENSG00000136158,SPRY2,-0.698714416,0.000267022
ENSG00000136205,TNS3,-1.152397692,3.68E-82
ENSG00000136235,GPNMB,1.668972294,7.95E-52
ENSG00000136425,CIB2,0.559560261,0.039346567
ENSG00000136688,IL36G,3.120632984,3.65E-30
ENSG00000136689,IL1RN,1.671491814,6.07E-16
ENSG00000136717,BIN1,0.688407194,0.028735831
ENSG00000136840,ST6GALNAC4,1.067985429,6.35E-13
ENSG00000136867,SLC31A2,-0.487141101,5.63E-08
ENSG00000136883,KIF12,1.000593228,9.71E-24
ENSG00000137070,IL11RA,-0.468452358,0.039684707
ENSG00000137193,PIM1,1.248116514,1.55E-29
ENSG00000137267,TUBB2A,1.262623792,1.90E-31
ENSG00000137285,TUBB2B,1.322290591,3.46E-08
ENSG00000137393,RNF144B,-0.653623478,3.34E-17
ENSG00000137441,FGFBP2,0.363234309,0.329565089
ENSG00000137573,SULF1,4.442984491,1.67E-214
ENSG00000137628,DDX60,2.175515674,2.66E-86
ENSG00000137648,TMPRSS4,1.18113076,5.44E-23
ENSG00000137699,TRIM29,3.66283387,4.59E-73
ENSG00000137710,RDX,1.186821318,6.26E-81
ENSG00000137745,MMP13,3.376236461,0
ENSG00000137843,PAK6,1.214515924,4.97E-07
ENSG00000137868,STRA6,0.36620623,0.167969623
ENSG00000137877,SPTBN5,-0.174122175,0.514494312
ENSG00000137959,IFI44L,3.409278082,9.59E-94
ENSG00000137965,IFI44,3.905855334,4.75E-91
ENSG00000137975,CLCA2,5.238304384,8.68E-151
ENSG00000138061,CYP1B1,2.332496946,3.95E-137
ENSG00000138175,ARL3,0.55063224,4.82E-09
ENSG00000138271,GPR87,2.209004139,6.73E-35
ENSG00000138356,AOX1,-0.09657214,0.520209051
ENSG00000138434,SSFA2,0.76434005,7.45E-120
ENSG00000138496,PARP9,2.148101132,2.37E-140
ENSG00000138587,MNS1,0.505637079,6.13E-06
ENSG00000138639,ARHGAP24,0.684613877,0.019513559
ENSG00000138642,HERC6,2.061710331,1.01E-97
ENSG00000138646,HERC5,2.430610311,2.43E-55
ENSG00000138650,PCDH10,1.417825416,8.80E-12
ENSG00000138678,GPAT3,1.502032685,1.22E-20
ENSG00000138772,ANXA3,-1.778074703,1.32E-74
ENSG00000138795,LEF1,1.084319802,4.59E-19
ENSG00000138798,EGF,0.679878777,0.011558364
ENSG00000138834,MAPK8IP3,-0.505286481,6.80E-05
ENSG00000139112,GABARAPL1,1.013768494,4.08E-15
ENSG00000139144,PIK3C2G,0.930756758,1.16E-12
ENSG00000139211,AMIGO2,2.725341446,0
ENSG00000139269,INHBE,1.081687971,0.000155838
ENSG00000139289,PHLDA1,-0.848605623,2.47E-29
ENSG00000139318,DUSP6,1.918294932,2.22E-23
ENSG00000139352,ASCL1,1.255651959,1.54E-05
ENSG00000139547,RDH16,1.925699523,3.89E-35
ENSG00000139800,ZIC5,1.188398478,1.32E-18
ENSG00000139899,CBLN3,-0.766606364,0.001640936
ENSG00000139988,RDH12,4.143938284,5.91E-62
ENSG00000140092,FBLN5,2.338513365,8.24E-18
ENSG00000140398,NEIL1,-0.55525496,3.92E-05
ENSG00000140443,IGF1R,1.144987808,8.85E-101
ENSG00000140519,RHCG,3.101581644,3.01E-106
ENSG00000140853,NLRC5,1.385119954,4.84E-11
ENSG00000140859,KIFC3,-1.931318119,2.63E-85
ENSG00000141574,SECTM1,-0.879897563,1.68E-07
ENSG00000141579,ZNF750,1.571235809,5.15E-17
ENSG00000141639,MAPK4,-1.534202212,3.41E-40
ENSG00000141682,PMAIP1,1.336089109,9.43E-27
ENSG00000141736,ERBB2,-0.785754215,2.44E-65
ENSG00000141753,IGFBP4,0.584854644,1.55E-09
ENSG00000142552,RCN3,1.701532637,3.65E-10
ENSG00000142606,MMEL1,-0.757574238,0.011907033
ENSG00000142619,PADI3,3.031097146,5.26E-77
ENSG00000142973,CYP4B1,-1.810206252,1.90E-79
ENSG00000143341,HMCN1,0.286567777,9.91E-05
ENSG00000143367,TUFT1,-1.017382526,9.91E-72
ENSG00000143479,DYRK3,1.059121233,1.88E-20
ENSG00000143502,SUSD4,1.723336886,3.62E-45
ENSG00000143515,ATP8B2,-1.19331753,1.44E-163
ENSG00000143520,FLG2,4.944441123,5.06E-267
ENSG00000143546,S100A8,4.390005922,0
ENSG00000143556,S100A7,6.741619828,0
ENSG00000143578,CREB3L4,-0.973001219,1.05E-126
ENSG00000143631,FLG,6.067704442,0
ENSG00000143816,WNT9A,-1.301506463,1.36E-13
ENSG00000143845,ETNK2,0.306683635,0.000150523
ENSG00000143850,PLEKHA6,-0.852174045,1.78E-57
ENSG00000143878,RHOB,-1.010707114,4.53E-79
ENSG00000144278,GALNT13,-0.225787377,0.349317472
ENSG00000144290,SLC4A10,2.365951378,1.20E-64
ENSG00000144331,ZNF385B,1.730261769,7.93E-20
ENSG00000144354,CDCA7,0.608657388,1.24E-24
ENSG00000144476,ACKR3,-1.712913258,1.43E-127
ENSG00000144579,CTDSP1,-0.376493255,7.23E-18
ENSG00000144655,CSRNP1,-0.628268497,2.35E-14
ENSG00000144668,ITGA9,-1.719841002,4.44E-22
ENSG00000144802,NFKBIZ,1.179955521,7.27E-153
ENSG00000144857,BOC,0.468115594,0.036817174
ENSG00000145220,LYAR,0.841747135,1.57E-36
ENSG00000145604,SKP2,0.624686345,1.07E-28
ENSG00000145623,OSMR,1.164214485,3.80E-105
ENSG00000145808,ADAMTS19,-0.385021784,3.47E-07
ENSG00000145911,N4BP3,-0.217457526,1.28E-08
ENSG00000146038,DCDC2,-1.036166565,4.52E-35
ENSG00000146151,HMGCLL1,2.558272076,1.02E-33
ENSG00000146376,ARHGAP18,-0.803559301,5.52E-21
ENSG00000146409,SLC18B1,1.295202125,3.65E-30
ENSG00000146674,IGFBP3,2.757895638,7.78E-75
ENSG00000147041,SYTL5,2.245788229,1.63E-195
ENSG00000147065,MSN,-0.535206187,0.110469644
ENSG00000147180,ZNF711,0.957212082,3.88E-10
ENSG00000147202,DIAPH2,1.083181545,6.38E-37
ENSG00000147255,IGSF1,5.088405876,0
ENSG00000147256,ARHGAP36,2.886740681,1.25E-28
ENSG00000147408,CSGALNACT1,-0.686081922,2.18E-11
ENSG00000147526,TACC1,-1.405384749,5.77E-181
ENSG00000147573,TRIM55,4.435175786,3.39E-91
ENSG00000147689,FAM83A,0.2185539,0.135071187
ENSG00000148154,UGCG,1.009751842,8.33E-84
ENSG00000148175,STOM,1.122783833,5.30E-83
ENSG00000148341,SH3GLB2,-0.707858021,2.58E-19
ENSG00000148344,PTGES,0.81627301,1.53E-15
ENSG00000148346,LCN2,3.423947678,1.13E-154
ENSG00000148468,FAM171A1,0.816129262,1.08E-06
ENSG00000148488,ST8SIA6,0.974211556,2.58E-15
ENSG00000148513,ANKRD30A,0.534496792,0.120223809
ENSG00000148671,ADIRF,-0.627389205,8.01E-15
ENSG00000148700,ADD3,0.911911567,3.53E-40
ENSG00000148926,ADM,-1.326515827,3.25E-12
ENSG00000149043,SYT8,2.020105284,2.72E-19
ENSG00000149218,ENDOD1,1.240062709,5.09E-60
ENSG00000149269,PAK1,1.366313139,9.02E-22
ENSG00000149403,GRIK4,0.053516003,0.902326434
ENSG00000149577,SIDT2,-0.580413408,2.33E-15
ENSG00000150457,LATS2,-0.738282993,2.97E-28
ENSG00000150551,LYPD1,1.366739475,3.63E-16
ENSG00000150593,PDCD4,0.994905676,1.04E-80
ENSG00000150667,FSIP1,0.758671131,0.001641943
ENSG00000150672,DLG2,-0.856861613,1.22E-06
ENSG00000150687,PRSS23,3.638532787,0
ENSG00000150722,PPP1R1C,0.357667002,0.152726544
ENSG00000150782,IL18,2.131098937,1.73E-27
ENSG00000150938,CRIM1,-1.592739729,3.45E-170
ENSG00000151012,SLC7A11,2.06790873,1.93E-84
ENSG00000151240,DIP2C,-0.921175599,1.36E-44
ENSG00000151276,MAGI1,-1.114525514,1.25E-71
ENSG00000151303,NA,-0.49648737,0.005254488
ENSG00000151632,AKR1C2,3.20559502,6.94E-137
ENSG00000151715,TMEM45B,-1.62037118,1.57E-55
ENSG00000151726,ACSL1,0.39102694,1.62E-06
ENSG00000151789,ZNF385D,-0.393180708,0.188086439
ENSG00000151892,GFRA1,1.11205636,9.79E-112
ENSG00000151917,BEND6,0.823731089,2.62E-05
ENSG00000152137,HSPB8,1.938007939,3.26E-144
ENSG00000152270,PDE3B,1.152765731,7.20E-25
ENSG00000152518,ZFP36L2,-0.962120787,1.53E-82
ENSG00000152527,PLEKHH2,-1.070010977,2.70E-15
ENSG00000152661,GJA1,5.15884334,1.43E-206
ENSG00000152689,RASGRP3,-0.751863078,0.000159751
ENSG00000152766,ANKRD22,2.132238497,8.21E-22
ENSG00000152778,IFIT5,1.992128138,4.17E-59
ENSG00000152818,UTRN,-0.921763077,1.41E-38
ENSG00000153071,DAB2,-2.061282013,7.46E-22
ENSG00000153094,BCL2L11,1.103694619,4.16E-85
ENSG00000153233,PTPRR,2.228023884,1.07E-14
ENSG00000153551,CMTM7,0.464220986,0.140955864
ENSG00000153714,LURAP1L,0.408293953,0.000532128
ENSG00000154118,JPH3,-0.147034921,0.430670611
ENSG00000154188,ANGPT1,0.742082501,1.07E-11
ENSG00000154227,CERS3,3.940008254,4.94E-60
ENSG00000154274,C4orf19,1.402248639,3.26E-28
ENSG00000154310,TNIK,1.557121035,6.83E-23
ENSG00000154328,NEIL2,1.160288063,9.38E-40
ENSG00000154330,PGM5,-2.04088233,3.69E-121
ENSG00000154553,PDLIM3,2.149098301,1.28E-72
ENSG00000154654,NCAM2,-0.278768123,7.07E-09
ENSG00000154856,APCDD1,0.152014039,0.633812642
ENSG00000155158,TTC39B,-0.799355139,4.11E-20
ENSG00000155380,SLC16A1,1.939063723,5.55E-156
ENSG00000155850,SLC26A2,2.225673589,0
ENSG00000156011,PSD3,-0.701750078,4.66E-30
ENSG00000156113,KCNMA1,-0.190446185,0.554428656
ENSG00000156463,SH3RF2,3.004026018,8.77E-45
ENSG00000156535,CD109,1.641397772,2.42E-40
ENSG00000156689,GLYATL2,2.614198706,4.52E-28
ENSG00000157303,SUSD3,1.190876605,1.91E-28
ENSG00000157388,CACNA1D,-0.444824334,3.82E-08
ENSG00000157423,HYDIN,-1.005897897,0.000728428
ENSG00000157470,FAM81A,0.789236457,7.06E-08
ENSG00000157514,TSC22D3,-0.730360142,5.56E-15
ENSG00000157600,TMEM164,0.724129336,1.32E-28
ENSG00000157613,CREB3L1,-0.180405135,0.619313669
ENSG00000157657,ZNF618,0.505222598,1.92E-13
ENSG00000157851,DPYSL5,0.879071105,1.86E-09
ENSG00000157890,MEGF11,-0.555107315,0.019719985
ENSG00000157992,KRTCAP3,-0.024538145,0.867386113
ENSG00000158055,GRHL3,-1.756901664,1.65E-57
ENSG00000158125,XDH,1.402721908,1.70E-07
ENSG00000158270,COLEC12,-1.132409804,1.84E-14
ENSG00000158286,RNF207,-0.444780617,0.004219458
ENSG00000158470,B4GALT5,0.885736602,1.41E-32
ENSG00000158747,NBL1,1.010667754,7.11E-12
ENSG00000159167,STC1,1.206154757,7.84E-29
ENSG00000159200,RCAN1,-1.4672159,1.99E-132
ENSG00000159403,C1R,1.774886275,1.89E-24
ENSG00000159516,SPRR2G,2.056430002,6.93E-12
ENSG00000159871,LYPD5,1.330856028,2.25E-08
ENSG00000160182,TFF1,1.169593053,4.08E-51
ENSG00000160323,ADAMTS13,-0.557395353,0.000186481
ENSG00000160678,S100A1,-1.136030459,2.45E-13
ENSG00000160712,IL6R,1.225949391,2.18E-25
ENSG00000160781,PAQR6,-0.536509625,0.003613495
ENSG00000160999,SH2B2,0.232212918,0.144017303
ENSG00000161031,PGLYRP2,1.600740765,1.36E-12
ENSG00000161249,DMKN,1.4923017,8.00E-175
ENSG00000161328,LRRC56,-0.732064636,1.31E-08
ENSG00000161533,ACOX1,-0.871676152,2.55E-72
ENSG00000162069,CCDC64B,-0.743421339,3.47E-20
ENSG00000162104,ADCY9,1.07195409,8.05E-49
ENSG00000162105,SHANK2,-0.927098828,1.05E-32
ENSG00000162366,PDZK1IP1,2.244902507,2.19E-26
ENSG00000162496,DHRS3,-0.700382456,5.65E-05
ENSG00000162576,MXRA8,-0.47113624,0.022321698
ENSG00000162599,NFIA,1.050879437,1.12E-19
ENSG00000162878,PKDCC,0.890756249,0.00147898
ENSG00000162891,IL20,4.527725174,3.42E-269
ENSG00000162892,IL24,3.884563075,4.02E-107
ENSG00000162894,FCMR,1.790385541,5.13E-19
ENSG00000163082,SGPP2,1.52733241,1.57E-37
ENSG00000163083,INHBB,-1.426937979,9.87E-105
ENSG00000163171,CDC42EP3,1.12386053,2.29E-14
ENSG00000163207,IVL,5.475844196,6.79E-164
ENSG00000163209,SPRR3,4.093675084,4.07E-71
ENSG00000163216,SPRR2D,5.805333352,5.81E-180
ENSG00000163218,PGLYRP4,3.728071143,4.68E-67
ENSG00000163220,S100A9,3.724625148,0
ENSG00000163221,S100A12,2.877497547,1.84E-30
ENSG00000163347,CLDN1,0.179672554,0.046957529
ENSG00000163362,C1orf106,1.782364176,1.38E-42
ENSG00000163435,ELF3,-0.57341294,1.94E-26
ENSG00000163485,ADORA1,2.600723079,1.66E-49
ENSG00000163638,ADAMTS9,-1.656003012,1.70E-42
ENSG00000163644,PPM1K,1.783787791,6.78E-141
ENSG00000163659,TIPARP,1.112210792,1.76E-76
ENSG00000163710,PCOLCE2,1.334933254,1.02E-07
ENSG00000163739,CXCL1,0.147021161,0.4864686
ENSG00000163762,TM4SF18,-1.395446237,3.77E-09
ENSG00000163840,DTX3L,0.773277887,4.34E-44
ENSG00000163873,GRIK3,1.6953837,1.83E-105
ENSG00000163898,LIPH,-1.127714029,8.03E-27
ENSG00000164056,SPRY1,-0.975060094,2.74E-07
ENSG00000164089,ETNPPL,1.417272307,6.12E-08
ENSG00000164120,HPGD,2.998862011,2.77E-150
ENSG00000164128,NPY1R,1.912586523,0
ENSG00000164129,NPY5R,1.035770862,4.25E-10
ENSG00000164171,ITGA2,0.774898195,2.25E-38
ENSG00000164176,EDIL3,0.348448744,0.05910853
ENSG00000164237,CMBL,0.252682066,0.007064347
ENSG00000164265,SCGB3A2,-1.075478053,0.000763237
ENSG00000164294,GPX8,0.887329143,5.11E-29
ENSG00000164342,TLR3,0.893223107,6.95E-05
ENSG00000164574,GALNT10,-1.340430662,7.34E-99
ENSG00000164619,BMPER,1.446653167,5.21E-07
ENSG00000164626,KCNK5,0.503580177,1.28E-05
ENSG00000164647,STEAP1,1.909790664,4.81E-22
ENSG00000164684,ZNF704,-1.224913908,1.00E-27
ENSG00000164687,FABP5,3.349809643,1.55E-187
ENSG00000164741,DLC1,1.091070187,5.73E-135
ENSG00000164761,TNFRSF11B,-2.064882555,7.71E-191
ENSG00000164855,TMEM184A,-0.473250628,9.05E-11
ENSG00000164919,COX6C,1.187340904,4.51E-179
ENSG00000164932,CTHRC1,1.036821877,4.64E-12
ENSG00000164938,TP53INP1,-0.45588215,9.64E-12
ENSG00000165169,DYNLT3,0.851805663,5.88E-27
ENSG00000165194,PCDH19,0.814668266,1.01E-17
ENSG00000165272,AQP3,-0.521961406,1.40E-10
ENSG00000165389,SPTSSA,1.674603154,5.40E-122
ENSG00000165434,PGM2L1,1.045455264,3.17E-17
ENSG00000165474,GJB2,4.009764883,0
ENSG00000165507,C10orf10,-0.740484578,0.012520277
ENSG00000165509,MAGEC3,-1.364280463,3.44E-06
ENSG00000165714,BORCS5,1.199071229,9.24E-24
ENSG00000165810,BTNL9,-1.100674346,1.57E-07
ENSG00000165821,SALL2,0.942664354,1.58E-14
ENSG00000165868,HSPA12A,1.127939125,2.72E-21
ENSG00000165949,IFI27,2.915814428,2.80E-80
ENSG00000165959,CLMN,-0.557507424,5.35E-19
ENSG00000165995,CACNB2,1.272984536,3.85E-14
ENSG00000166183,ASPG,-1.034066743,2.69E-12
ENSG00000166220,TBATA,-1.181432113,0.000112115
ENSG00000166250,CLMP,0.883293561,1.26E-08
ENSG00000166289,PLEKHF1,-0.447017243,0.000481508
ENSG00000166387,PPFIBP2,-2.088438914,5.86E-168
ENSG00000166396,SERPINB7,2.490852523,1.47E-17
ENSG00000166446,CDYL2,-0.444617234,4.54E-19
ENSG00000166509,CLEC3A,-0.248894757,0.375799021
ENSG00000166510,CCDC68,-1.602156775,9.56E-13
ENSG00000166535,A2ML1,2.354687791,1.58E-45
ENSG00000166689,PLEKHA7,-0.772286171,1.64E-19
ENSG00000166920,C15orf48,2.322628625,6.10E-24
ENSG00000166949,SMAD3,-0.692342309,1.39E-26
ENSG00000167034,NKX3-1,-0.907017554,1.70E-13
ENSG00000167080,B4GALNT2,-0.652143617,5.16E-12
ENSG00000167191,GPRC5B,1.419171199,6.18E-24
ENSG00000167207,NOD2,1.332153143,1.31E-30
ENSG00000167244,IGF2,3.369153021,5.92E-67
ENSG00000167608,TMC4,-0.537587372,3.67E-14
ENSG00000167614,TTYH1,-0.559435483,0.00894387
ENSG00000167653,PSCA,-3.105636576,7.17E-37
ENSG00000167656,LY6D,0.944118522,0.000901802
ENSG00000167676,PLIN4,1.288035356,5.54E-24
ENSG00000167680,SEMA6B,1.220010288,2.97E-26
ENSG00000167693,NXN,0.581970426,2.32E-08
ENSG00000167749,KLK4,-0.943171099,0.001439367
ENSG00000167754,KLK5,3.551461461,2.64E-40
ENSG00000167755,KLK6,5.733179106,6.85E-140
ENSG00000167767,KRT80,-0.739849808,1.13E-46
ENSG00000167768,KRT1,5.546232648,0
ENSG00000167779,IGFBP6,1.512740407,3.64E-08
ENSG00000167861,HID1,-0.993969316,2.59E-99
ENSG00000167914,GSDMA,1.67294265,7.74E-15
ENSG00000168016,TRANK1,1.227008866,2.68E-17
ENSG00000168026,TTC21A,-0.88846141,4.28E-06
ENSG00000168269,FOXI1,0.607045328,0.000256735
ENSG00000168280,KIF5C,-0.803346593,2.59E-33
ENSG00000168306,ACOX2,1.041318243,0.000371914
ENSG00000168386,FILIP1L,2.703998566,2.21E-122
ENSG00000168405,CMAHP,-1.154622153,2.79E-05
ENSG00000168461,RAB31,-0.05825458,0.47568616
ENSG00000168491,CCDC110,1.061238227,2.45E-09
ENSG00000168546,GFRA2,1.314407466,4.01E-08
ENSG00000168675,LDLRAD4,-2.009436529,3.13E-244
ENSG00000168679,SLC16A4,1.140527206,5.91E-32
ENSG00000168743,NPNT,-0.776494263,2.32E-52
ENSG00000168772,CXXC4,1.380935097,1.24E-20
ENSG00000168785,TSPAN5,1.16839088,3.27E-13
ENSG00000168890,TMEM150A,-0.424834367,2.83E-05
ENSG00000168916,ZNF608,1.196423067,1.68E-08
ENSG00000168952,STXBP6,0.284387232,0.332351827
ENSG00000169016,E2F6,1.0151469,8.21E-62
ENSG00000169031,COL4A3,-1.002130928,6.06E-11
ENSG00000169035,KLK7,2.553597933,7.99E-31
ENSG00000169047,IRS1,2.141034581,0
ENSG00000169071,ROR2,1.093219361,1.15E-05
ENSG00000169085,C8orf46,1.026173904,1.33E-06
ENSG00000169181,GSG1L,1.28953877,9.61E-08
ENSG00000169242,EFNA1,-0.771286556,5.40E-83
ENSG00000169247,SH3TC2,-1.859815118,1.37E-20
ENSG00000169429,CXCL8,-0.483260501,0.003289036
ENSG00000169469,SPRR1B,5.551896885,1.97E-177
ENSG00000169474,SPRR1A,5.009847839,1.76E-114
ENSG00000169509,CRCT1,1.997692236,2.20E-11
ENSG00000169862,CTNND2,-1.329385817,7.95E-30
ENSG00000169884,WNT10B,1.436333054,4.75E-44
ENSG00000169896,ITGAM,2.771707324,9.24E-140
ENSG00000169900,PYDC1,3.114094402,2.47E-62
ENSG00000169908,TM4SF1,-1.803583436,5.15E-237
ENSG00000170006,TMEM154,1.086555141,1.51E-60
ENSG00000170017,ALCAM,-0.50474211,5.06E-19
ENSG00000170190,SLC16A5,0.098902099,0.665249337
ENSG00000170271,FAXDC2,1.450439983,6.67E-20
ENSG00000170345,FOS,1.557441871,2.58E-43
ENSG00000170423,KRT78,3.209043868,5.49E-37
ENSG00000170426,SDR9C7,3.943890094,1.50E-54
ENSG00000170442,KRT86,-1.697463672,3.62E-70
ENSG00000170465,KRT6C,5.644561155,0
ENSG00000170477,KRT4,3.215465065,2.59E-31
ENSG00000170786,SDR16C5,2.336522336,1.86E-42
ENSG00000170873,MTSS1,2.189638424,2.82E-103
ENSG00000170899,GSTA4,1.310146058,3.28E-22
ENSG00000170961,HAS2,3.705674225,1.97E-74
ENSG00000171004,HS6ST2,1.464135601,4.58E-47
ENSG00000171016,PYGO1,1.231276797,1.36E-27
ENSG00000171033,PKIA,0.016954347,0.952458407
ENSG00000171189,GRIK1,-2.029354241,1.70E-15
ENSG00000171227,TMEM37,0.431714872,0.114343976
ENSG00000171236,LRG1,1.306821422,1.23E-54
ENSG00000171401,KRT13,1.362617372,1.23E-05
ENSG00000171444,MCC,1.420084951,1.78E-55
ENSG00000171476,HOPX,-0.781830001,2.03E-06
ENSG00000171522,PTGER4,-0.494603396,3.33E-12
ENSG00000171564,FGB,0.651277803,0.055506048
ENSG00000171587,DSCAM,1.198502339,6.42E-85
ENSG00000171791,BCL2,1.39516616,6.42E-289
ENSG00000171867,PRNP,1.222059601,7.41E-69
ENSG00000171954,CYP4F22,2.092814008,4.16E-59
ENSG00000171992,SYNPO,-1.120875867,1.13E-14
ENSG00000172137,CALB2,1.682046362,4.69E-23
ENSG00000172201,ID4,-0.135528608,0.548492925
ENSG00000172216,CEBPB,1.520649436,1.52E-146
ENSG00000172250,SERHL,-0.665281488,0.029818981
ENSG00000172379,ARNT2,-1.298746192,1.13E-33
ENSG00000172428,MYEOV2,1.243372406,3.98E-53
ENSG00000172461,FUT9,-1.004697226,1.22E-18
ENSG00000172478,C2orf54,-1.118945283,3.57E-08
ENSG00000172551,MUCL1,1.406881812,2.92E-11
ENSG00000172575,RASGRP1,1.786889837,7.74E-77
ENSG00000172602,RND1,-0.482774598,2.91E-09
ENSG00000172867,KRT2,1.43420894,3.97E-08
ENSG00000172869,DMXL1,-1.116419132,3.19E-160
ENSG00000172915,NBEA,-0.365131234,0.000110925
ENSG00000172927,MYEOV,0.71981657,0.004936856
ENSG00000173193,PARP14,1.485951219,2.82E-117
ENSG00000173207,CKS1B,0.427251062,1.18E-12
ENSG00000173210,ABLIM3,-1.788530725,6.70E-25
ENSG00000173221,GLRX,-0.05421358,0.763394836
ENSG00000173239,LIPM,3.228717765,1.17E-32
ENSG00000173262,SLC2A14,2.107428366,3.28E-45
ENSG00000173338,KCNK7,1.788792714,2.73E-10
ENSG00000173432,SAA1,2.04828483,7.22E-13
ENSG00000173918,C1QTNF1,0.715132145,0.001983295
ENSG00000174032,SLC25A30,-1.79435963,1.31E-272
ENSG00000174498,IGDCC3,-1.255451425,4.31E-09
ENSG00000174827,PDZK1,3.451488413,8.84E-222
ENSG00000174945,AMZ1,0.437757169,4.92E-08
ENSG00000175093,SPSB4,0.133594316,0.63865905
ENSG00000175175,PPM1E,0.712844876,3.83E-18
ENSG00000175318,GRAMD2,-0.860417001,0.003714611
ENSG00000175662,TOM1L2,-1.286500498,7.57E-77
ENSG00000175745,NR2F1,1.181164424,2.02E-05
ENSG00000175894,TSPEAR,-1.743258433,1.79E-17
ENSG00000175906,ARL4D,-0.882642601,2.96E-06
ENSG00000175928,LRRN1,-1.476777586,2.07E-14
ENSG00000175938,ORAI3,-0.473431657,1.09E-06
ENSG00000176014,TUBB6,0.59591404,1.88E-17
ENSG00000176046,NUPR1,-0.289329434,0.000943823
ENSG00000176136,MC5R,1.633523171,1.46E-08
ENSG00000176399,DMRTA1,-0.93110751,1.78E-09
ENSG00000176490,DIRAS1,0.63342413,0.00017425
ENSG00000176532,PRR15,-0.648164358,2.92E-09
ENSG00000176845,METRNL,-0.662921334,1.10E-17
ENSG00000176884,GRIN1,-1.009226351,7.49E-24
ENSG00000176907,C8orf4,-0.370771948,0.002813723
ENSG00000177189,RPS6KA3,1.401633223,1.74E-109
ENSG00000177469,PTRF,0.514213859,3.58E-06
ENSG00000177519,RPRM,-0.860730876,0.002174512
ENSG00000177685,CRACR2B,-0.735617604,3.50E-12
ENSG00000177694,NAALADL2,0.939853208,1.53E-28
ENSG00000177706,FAM20C,-1.116746809,1.05E-48
ENSG00000177822,NA,-1.37113656,4.23E-14
ENSG00000177990,DPY19L2,0.629793592,0.009695676
ENSG00000178075,GRAMD1C,1.021130054,2.02E-16
ENSG00000178372,CALML5,5.285253584,0
ENSG00000178538,CA8,1.041489594,1.06E-06
ENSG00000178568,ERBB4,-0.665714045,2.38E-15
ENSG00000178573,MAF,1.988169986,2.15E-29
ENSG00000178597,PSAPL1,4.136114021,7.99E-57
ENSG00000178882,FAM101A,-0.660550009,0.021505299
ENSG00000178934,LGALS7B,2.468422819,5.27E-17
ENSG00000178977,LINC00324,-0.081541172,0.665741511
ENSG00000179046,TRIML2,2.278818752,1.50E-25
ENSG00000179071,CCDC89,-0.511084934,0.079202845
ENSG00000179104,TMTC2,-0.308228677,0.003809819
ENSG00000179241,LDLRAD3,0.870735157,2.13E-09
ENSG00000179388,EGR3,2.680293538,1.17E-39
ENSG00000179431,FJX1,1.029388769,1.50E-29
ENSG00000179456,ZBTB18,1.601283492,5.64E-13
ENSG00000179477,ALOX12B,2.240083819,6.40E-17
ENSG00000179542,SLITRK4,0.624698647,6.34E-07
ENSG00000179715,PCED1B,0.735091678,3.69E-05
ENSG00000180176,TH,0.526022314,0.04232503
ENSG00000180530,NRIP1,1.144867915,1.00E-73
ENSG00000180539,C9orf139,-0.552920517,0.006683547
ENSG00000180773,SLC36A4,0.720649165,1.47E-17
ENSG00000181381,DDX60L,1.261886362,2.69E-40
ENSG00000181788,SIAH2,1.376406897,2.65E-105
ENSG00000182326,C1S,1.458875775,1.41E-14
ENSG00000182376,NA,-0.605673858,0.00133608
ENSG00000182575,NXPH3,2.412128398,8.46E-57
ENSG00000182585,EPGN,2.576419163,1.67E-24
ENSG00000182704,TSKU,2.317899047,1.92E-193
ENSG00000182912,TSPEAR-AS2,-1.443775534,6.39E-09
ENSG00000183036,PCP4,-0.133428217,0.748811651
ENSG00000183087,GAS6,0.524629419,4.28E-09
ENSG00000183098,GPC6,1.730784459,2.80E-19
ENSG00000183111,ARHGEF37,-1.456929447,6.09E-25
ENSG00000183401,CCDC159,-1.030885438,2.62E-11
ENSG00000183569,SERHL2,-1.288227331,1.01E-65
ENSG00000183578,TNFAIP8L3,0.663424437,0.003920384
ENSG00000183722,LHFP,-1.293395188,2.00E-13
ENSG00000183742,MACC1,-0.742204216,1.66E-27
ENSG00000183779,ZNF703,1.088444687,1.90E-21
ENSG00000184148,SPRR4,2.653996957,1.38E-19
ENSG00000184220,CMSS1,0.904656831,4.69E-29
ENSG00000184271,POU6F1,0.778124255,0.002366702
ENSG00000184305,CCSER1,-1.161933582,7.17E-34
ENSG00000184330,S100A7A,3.564011837,3.58E-54
ENSG00000184374,COLEC10,-1.582377569,4.28E-08
ENSG00000184459,BPIFC,2.881115026,2.75E-24
ENSG00000184500,PROS1,1.733853235,9.98E-29
ENSG00000184557,SOCS3,-1.052052125,7.09E-79
ENSG00000184564,SLITRK6,2.599990885,1.56E-48
ENSG00000184709,LRRC26,-0.75316621,1.53E-06
ENSG00000184828,ZBTB7C,2.012305456,9.69E-15
ENSG00000184845,DRD1,-1.832079352,2.18E-25
ENSG00000184867,ARMCX2,0.969026079,5.35E-07
ENSG00000184925,LCN12,-0.719288473,0.004942967
ENSG00000184979,USP18,0.743305963,2.38E-10
ENSG00000185101,ANO9,-0.73235794,8.38E-08
ENSG00000185133,INPP5J,-0.50697739,0.000864311
ENSG00000185168,LINC00482,-1.15704736,1.08E-06
ENSG00000185296,NA,-0.668970763,NA
ENSG00000185332,TMEM105,-0.963426653,5.05E-13
ENSG00000185352,HS6ST3,-0.845833501,1.10E-14
ENSG00000185479,KRT6B,6.967629064,0
ENSG00000185499,MUC1,-0.371090564,0.00077754
ENSG00000185507,IRF7,1.150146433,9.10E-42
ENSG00000185519,FAM131C,0.22198844,0.509742955
ENSG00000185532,PRKG1,-1.0491915,6.66E-11
ENSG00000185567,AHNAK2,1.190451676,1.95E-49
ENSG00000185585,OLFML2A,0.875585197,1.90E-08
ENSG00000185630,PBX1,-0.943458227,3.91E-99
ENSG00000185634,SHC4,1.313182575,2.71E-17
ENSG00000185640,KRT79,6.90170091,1.94E-281
ENSG00000185650,ZFP36L1,1.190491515,1.89E-55
ENSG00000185664,PMEL,-1.02452111,7.01E-14
ENSG00000185697,MYBL1,1.017899572,1.16E-51
ENSG00000185745,IFIT1,3.931458071,7.18E-114
ENSG00000185760,KCNQ5,2.004459723,3.74E-17
ENSG00000185885,IFITM1,2.922480167,2.25E-182
ENSG00000186007,LEMD1,1.211294516,5.15E-06
ENSG00000186081,KRT5,5.930476632,3.23E-202
ENSG00000186212,SOWAHB,-1.601909913,4.84E-70
ENSG00000186395,KRT10,3.779809859,0
ENSG00000186470,BTN3A2,1.554649397,2.54E-45
ENSG00000186831,KRT17P2,1.856431495,9.76E-10
ENSG00000186832,KRT16,6.002124458,0
ENSG00000186891,TNFRSF18,0.736059241,1.38E-06
ENSG00000187134,AKR1C1,1.419258692,1.30E-20
ENSG00000187185,NA,-0.826496302,0.012209055
ENSG00000187244,BCAM,-1.034666276,4.72E-52
ENSG00000187266,EPOR,-1.216074371,7.71E-57
ENSG00000187527,ATP13A5,-0.848402324,1.51E-06
ENSG00000187608,ISG15,1.454377822,5.08E-44
ENSG00000187627,RGPD1,1.285509045,1.12E-05
ENSG00000187678,SPRY4,1.498821852,4.20E-13
ENSG00000187689,AMTN,-1.78448124,3.48E-09
ENSG00000187720,THSD4,1.881525325,1.39E-161
ENSG00000187889,C1orf168,1.055761249,5.41E-06
ENSG00000187955,COL14A1,2.5409505,1.40E-78
ENSG00000187957,DNER,0.330731872,0.191306012
ENSG00000188001,TPRG1,1.729764887,7.47E-15
ENSG00000188032,C19orf67,-0.873164429,0.004667873
ENSG00000188089,PLA2G4E,3.856546336,3.84E-73
ENSG00000188153,COL4A5,3.095752877,0
ENSG00000188176,SMTNL2,1.713453043,1.19E-20
ENSG00000188263,IL17REL,-0.928903567,1.40E-09
ENSG00000188293,IGFL1,-2.879477111,8.83E-159
ENSG00000188313,PLSCR1,1.121988685,2.15E-51
ENSG00000188365,NA,-0.581038428,0.024739301
ENSG00000188404,SELL,1.237752147,3.34E-07
ENSG00000188508,KRTDAP,6.118557501,4.27E-303
ENSG00000188613,NANOS1,-0.80890803,6.42E-14
ENSG00000188747,NOXA1,-0.577200131,1.99E-05
ENSG00000188760,TMEM198,-0.260149529,0.129734932
ENSG00000188886,ASTL,1.19047892,3.68E-07
ENSG00000188910,GJB3,0.843915469,3.42E-05
ENSG00000188959,C9orf152,-0.889178104,1.70E-15
ENSG00000189001,SBSN,5.625603002,2.14E-176
ENSG00000189058,APOD,-0.557972235,0.111669509
ENSG00000189212,DPY19L2P1,0.662142003,0.001832302
ENSG00000189221,MAOA,-1.910870101,6.33E-22
ENSG00000189280,GJB5,2.222133982,1.33E-14
ENSG00000196074,SYCP2,-0.91142814,9.07E-22
ENSG00000196116,TDRD7,0.599425885,2.71E-17
ENSG00000196154,S100A4,1.310740794,4.61E-27
ENSG00000196208,GREB1,3.186969826,0
ENSG00000196476,C20orf96,-0.089130777,0.785335967
ENSG00000196549,MME,-0.165923545,0.37666505
ENSG00000196611,MMP1,3.905229639,6.80E-85
ENSG00000196620,UGT2B15,0.372139648,0.141130976
ENSG00000196668,LINC00173,1.099328523,6.34E-07
ENSG00000196739,COL27A1,1.058464352,2.97E-13
ENSG00000196754,S100A2,4.449254449,2.44E-128
ENSG00000196805,SPRR2B,3.225762509,1.06E-31
ENSG00000196839,ADA,1.048873336,1.31E-20
ENSG00000196872,KIAA1211L,-1.027696159,9.01E-10
ENSG00000196878,LAMB3,2.242611191,2.04E-49
ENSG00000196917,HCAR1,-0.478932139,1.90E-05
ENSG00000196954,CASP4,1.150812642,5.38E-12
ENSG00000197191,CYSRT1,-0.365702122,0.070993229
ENSG00000197249,SERPINA1,2.774174623,1.57E-31
ENSG00000197308,GATA3-AS1,-0.713572519,1.89E-11
ENSG00000197329,PELI1,1.083154247,2.15E-18
ENSG00000197360,ZNF98,-0.195366976,0.622055735
ENSG00000197506,SLC28A3,3.672383733,9.49E-55
ENSG00000197565,COL4A6,4.099434896,4.58E-99
ENSG00000197599,CCDC154,-0.741118715,0.007659006
ENSG00000197635,DPP4,1.240927419,3.26E-06
ENSG00000197670,NA,-0.892571212,2.14E-07
ENSG00000197815,NA,-0.74768576,0.002103707
ENSG00000197892,KIF13B,-0.281104572,0.004698893
ENSG00000197953,AADACL2,2.814268743,1.41E-25
ENSG00000198021,SPANXA1,-2.250120303,8.35E-20
ENSG00000198054,DSCR8,-0.653222083,0.000387051
ENSG00000198153,ZNF849P,0.056087154,0.871085439
ENSG00000198535,C2CD4A,3.032601303,3.23E-155
ENSG00000198682,PAPSS2,1.39089657,1.38E-109
ENSG00000198691,ABCA4,-0.101957758,0.612420841
ENSG00000198795,ZNF521,1.067675179,0.000183066
ENSG00000198797,BRINP2,0.571517149,0.077681974
ENSG00000198832,NA,-0.030318193,0.817759447
ENSG00000198914,POU3F3,-1.040892197,6.10E-24
ENSG00000198929,NOS1AP,0.95841327,2.43E-07
ENSG00000198944,SOWAHA,1.254584573,7.83E-21
ENSG00000203497,PDCD4-AS1,0.911831094,8.12E-07
ENSG00000203635,NA,-1.025240955,7.25E-09
ENSG00000203785,SPRR2E,5.511120529,5.01E-152
ENSG00000203837,PNLIPRP3,3.988383914,1.50E-55
ENSG00000203926,SPANXA2,-1.270278157,NA
ENSG00000203999,LINC01270,1.278169236,2.49E-10
ENSG00000204021,LIPK,2.274847609,3.28E-15
ENSG00000204103,MAFB,1.1311091,1.19E-16
ENSG00000204248,COL11A2,-0.492900533,0.004199561
ENSG00000204323,SMIM5,-0.528296389,0.006168776
ENSG00000204380,NA,-0.344448733,0.11396636
ENSG00000204539,CDSN,3.556230396,7.66E-41
ENSG00000204642,HLA-F,1.138288392,4.00E-33
ENSG00000204740,MALRD1,-0.176968568,0.012707582
ENSG00000204789,ZNF204P,0.758484035,1.34E-06
ENSG00000205002,AARD,1.466190202,3.29E-37
ENSG00000205363,C15orf59,1.890888283,8.96E-48
ENSG00000205413,SAMD9,3.027153409,8.30E-138
ENSG00000205420,KRT6A,6.584454118,0
ENSG00000205426,KRT81,-0.555692735,0.000454552
ENSG00000205683,DPF3,-1.725756154,1.09E-15
ENSG00000205809,KLRC2,2.690320679,6.31E-27
ENSG00000205810,KLRC3,1.771003487,4.57E-09
ENSG00000205890,NA,-0.847795701,3.39E-10
ENSG00000206075,SERPINB5,4.975316256,1.96E-207
ENSG00000206337,HCP5,1.031070383,3.27E-05
ENSG00000206341,HLA-H,0.921851115,0.000848154
ENSG00000206503,HLA-A,1.303664874,4.10E-70
ENSG00000207233,SNORA37,-0.722215056,0.023269937
ENSG00000207422,RNU6-813P,1.5456078,1.12E-07
ENSG00000207839,MIR33B,-0.610069678,0.071862088
ENSG00000211448,DIO2,3.220629715,2.95E-70
ENSG00000211689,TRGC1,-1.063084661,5.04E-14
ENSG00000211695,TRGV9,-1.242244875,8.74E-08
ENSG00000213144,NA,1.165294849,2.65E-05
ENSG00000213145,CRIP1,-1.062703951,6.46E-08
ENSG00000213213,CCDC183,-0.755696813,1.92E-09
ENSG00000213443,NA,-0.205031092,NA
ENSG00000213886,UBD,1.30096958,3.92E-06
ENSG00000213928,IRF9,1.902135153,5.70E-117
ENSG00000214237,NA,1.446847209,4.87E-07
ENSG00000214708,NA,-0.830427039,0.006555356
ENSG00000214822,KRT16P3,2.593719566,2.62E-19
ENSG00000214894,LINC00243,-0.675046255,3.03E-07
ENSG00000214944,ARHGEF28,1.139881567,3.41E-69
ENSG00000215018,COL28A1,-0.872258495,1.18E-05
ENSG00000215386,MIR99AHG,-1.084398371,9.62E-07
ENSG00000221844,DPP3P2,1.456061067,6.57E-07
ENSG00000223414,LINC00473,1.148137353,1.70E-06
ENSG00000223729,NA,1.269229629,5.35E-05
ENSG00000223749,MIR503HG,-1.70038505,1.68E-21
ENSG00000223813,NA,-0.761883874,0.001130519
ENSG00000223855,NA,-0.733041482,4.32E-06
ENSG00000223886,NA,0.728567219,0.027921119
ENSG00000224141,MIR548XHG,0.018268452,0.934122932
ENSG00000224259,LINC01133,-1.128046312,0.000419836
ENSG00000224389,C4B,-0.81362578,0.013457925
ENSG00000224574,COL18A1-AS2,-1.215648515,0.000125508
ENSG00000224652,LINC00885,-1.045559453,3.71E-07
ENSG00000224738,NA,0.515761223,6.12E-09
ENSG00000224888,NA,-0.517667502,0.000120675
ENSG00000224940,PRRT4,-1.07923556,2.36E-09
ENSG00000224958,PGM5-AS1,-1.227174606,NA
ENSG00000225138,NA,-0.571362402,0.000219
ENSG00000225362,CT62,1.734625461,1.22E-11
ENSG00000225431,NA,-3.161852949,1.83E-124
ENSG00000225535,LINC01393,0.167020895,0.680230931
ENSG00000225886,NA,0.980396209,0.000281582
ENSG00000226352,NA,-0.29265892,0.349997629
ENSG00000226508,NA,-1.544987155,4.94E-08
ENSG00000226738,NA,2.26385851,7.10E-17
ENSG00000226779,NAALADL2-AS2,1.367542572,2.60E-08
ENSG00000226945,NA,2.284063673,1.25E-20
ENSG00000226965,NA,0.287663942,0.451451045
ENSG00000227115,NA,-0.573533523,0.097336661
ENSG00000227191,TRGC2,-1.200135436,0.000124702
ENSG00000227212,PFN1P6,-0.536374404,0.058354268
ENSG00000227418,PCGEM1,1.688550207,2.27E-08
ENSG00000227542,NA,-0.709003159,0.029379019
ENSG00000227755,NA,-1.215719668,3.53E-05
ENSG00000228021,NA,-0.766423818,0.018662131
ENSG00000228175,GEMIN8P4,0.649796229,0.052874138
ENSG00000228613,NA,-1.091756931,6.10E-08
ENSG00000228887,EEF1DP1,-0.425790019,0.211748785
ENSG00000229298,TUBB8P1,-0.498884341,0.093279034
ENSG00000229512,NA,1.164074056,2.33E-06
ENSG00000229676,ZNF492,0.044677037,0.801723913
ENSG00000229955,NA,-1.185997685,7.68E-11
ENSG00000229989,MIR181A1HG,-0.709559718,0.002330829
ENSG00000230497,EEF1B2P8,1.355750825,1.46E-05
ENSG00000230795,HLA-K,0.532254884,0.100434157
ENSG00000230937,MIR205HG,2.563450774,3.71E-56
ENSG00000231119,NA,-0.463558561,0.098590622
ENSG00000231131,LINC01468,-1.330937464,7.22E-37
ENSG00000231574,NA,2.342389572,1.89E-18
ENSG00000231709,#N/A,-1.023561245,0.000909973
ENSG00000232445,NA,1.333000357,8.05E-49
ENSG00000232480,TGFB2-AS1,-0.986817023,0.00125221
ENSG00000232536,NA,-0.54223893,0.112139689
ENSG00000232638,NA,-0.959777772,1.65E-06
ENSG00000232938,RPL23AP87,-1.402369364,4.18E-08
ENSG00000233008,NA,-0.473439386,0.131783794
ENSG00000233017,NA,-0.903831403,NA
ENSG00000233052,NA,-1.403119491,9.24E-07
ENSG00000233198,RNF224,-1.268026002,6.91E-12
ENSG00000233237,LINC00472,-0.913023842,2.05E-07
ENSG00000233622,CYP2T1P,1.332325748,3.42E-09
ENSG00000233639,LINC01158,-0.627504108,NA
ENSG00000233860,NA,-0.501768033,0.149006905
ENSG00000233895,NA,-1.450852621,7.34E-07
ENSG00000234115,NA,-1.369977659,NA
ENSG00000234432,NA,-0.296981487,0.250982466
ENSG00000234745,HLA-B,0.801192282,8.73E-34
ENSG00000234797,RPS3AP6,0.157529443,0.67056373
ENSG00000234964,FABP5P7,2.965141819,2.13E-45
ENSG00000235027,NA,1.164886057,1.26E-13
ENSG00000235123,DSCAM-AS1,0.391301233,9.04E-29
ENSG00000235397,EPN2-AS1,-0.619672322,0.044983742
ENSG00000235584,NA,-0.703812492,0.003992828
ENSG00000235890,TSPEAR-AS1,-1.289285688,1.30E-05
ENSG00000235947,EGOT,1.12941815,7.90E-06
ENSG00000236269,ENO1-IT1,-0.750232019,4.94E-05
ENSG00000236394,NA,-0.388780788,0.215219833
ENSG00000236601,NA,-1.896890325,3.84E-11
ENSG00000237224,NA,-1.077622062,0.000759216
ENSG00000237457,LINC01351,0.353174432,0.119151016
ENSG00000237664,LINC00316,0,NA
ENSG00000237836,PHKA2-AS1,-1.26550918,NA
ENSG00000238141,BRWD1-AS1,-0.984770599,0.001653921
ENSG00000239665,NA,-0.580206116,0.000115998
ENSG00000239887,C1orf226,1.766390894,6.47E-36
ENSG00000239911,PRKAG2-AS1,1.121878037,1.07E-05
ENSG00000240093,NA,-1.165283015,9.61E-05
ENSG00000240204,SMKR1,0.340478563,0.021505299
ENSG00000240216,CPHL1P,-2.717645581,1.29E-104
ENSG00000240338,NA,-0.571913712,0.035877989
ENSG00000240541,TM4SF1-AS1,-1.852184833,2.95E-13
ENSG00000240694,PNMA2,0.517309203,0.007189975
ENSG00000240801,NA,1.699336889,1.99E-08
ENSG00000241158,ADAMTS9-AS1,-0.758182393,NA
ENSG00000241269,NA,-0.530220314,0.068442881
ENSG00000241484,ARHGAP8,-0.952103241,3.98E-33
ENSG00000241720,NA,-1.333723868,NA
ENSG00000241794,SPRR2A,3.591008997,3.33E-44
ENSG00000242265,PEG10,0.221439353,0.568812092
ENSG00000243649,CFB,1.190090906,2.68E-126
ENSG00000243885,NA,-0.910078338,0.004023691
ENSG00000244242,IFITM10,1.572183357,1.62E-38
ENSG00000244265,SIAH2-AS1,1.182081475,2.67E-07
ENSG00000244468,NA,-1.432917475,3.42E-63
ENSG00000244617,ASPRV1,2.89915769,1.77E-42
ENSG00000244968,LIFR-AS1,-0.815888128,1.53E-06
ENSG00000245080,NA,-0.3303469,0.218466332
ENSG00000245750,DRAIC,-1.276714884,1.08E-05
ENSG00000247011,NA,-0.805378608,0.000254948
ENSG00000248323,LUCAT1,1.798720417,3.74E-10
ENSG00000248329,APELA,-1.493863478,2.89E-09
ENSG00000248373,NA,1.381580266,8.91E-06
ENSG00000248405,PRR5-ARHGAP8,-0.722078555,0.001198537
ENSG00000248550,OTX2-AS1,-0.691865847,0.023062852
ENSG00000248690,HAS2-AS1,1.274755918,3.85E-05
ENSG00000249007,NA,-0.564900958,0.093225349
ENSG00000249846,NA,-1.056299004,1.98E-05
ENSG00000249961,CCDC79,-0.276929161,0.417972869
ENSG00000250588,IQCJ-SCHIP1,0.854302959,5.33E-06
ENSG00000250659,NA,-0.755789826,0.008932923
ENSG00000250722,SEPP1,1.122878284,2.08E-20
ENSG00000250740,NA,0.491769438,0.044080235
ENSG00000251015,SLC25A30-AS1,-1.373911834,1.66E-06
ENSG00000251259,NA,1.07482036,0.000599406
ENSG00000251364,NA,-1.013754825,1.96E-05
ENSG00000251487,NA,-1.05893317,NA
ENSG00000251562,MALAT1,-0.335979031,0.075859249
ENSG00000251567,NA,-0.818020993,0.001687542
ENSG00000251718,RNU2-13P,1.622581718,3.13E-08
ENSG00000251876,NA,-1.248370754,NA
ENSG00000251992,SCARNA17,-1.316080389,1.99E-05
ENSG00000253125,NA,2.467324657,5.86E-49
ENSG00000253539,NA,1.272770174,4.35E-05
ENSG00000253604,NA,-1.059995846,0.000721934
ENSG00000253671,NA,-0.782776782,NA
ENSG00000253908,NA,-0.642691457,0.06070269
ENSG00000253972,NA,-0.738921056,0.01553208
ENSG00000253978,NA,0.159241151,NA
ENSG00000254054,NA,-0.634799056,0.058130991
ENSG00000254143,NA,-0.054659292,NA
ENSG00000254162,NA,-1.02992788,5.86E-08
ENSG00000254231,NA,-0.733752924,0.00133549
ENSG00000254251,NA,1.778385929,3.82E-16
ENSG00000254290,NA,1.946913669,9.13E-13
ENSG00000254337,NA,1.847428322,4.72E-17
ENSG00000254416,NA,2.449517841,3.47E-27
ENSG00000254535,PABPC4L,0.925069825,2.50E-07
ENSG00000254815,NA,-0.882617485,3.33E-07
ENSG00000254951,NA,-0.668553057,0.037810997
ENSG00000255007,NA,-0.52807755,NA
ENSG00000255090,MIR100HG,-1.031093945,0.000991669
ENSG00000255100,NA,1.353500758,6.96E-06
ENSG00000255120,OVOL1-AS1,-0.147463821,0.65317973
ENSG00000255647,NA,-0.83844289,0.003807323
ENSG00000255774,NA,1.021334505,0.00033643
ENSG00000256115,NA,-0.796187582,NA
ENSG00000256304,CCDC150P1,-0.689556974,0.002323871
ENSG00000256500,NA,0.553954191,0.1098875
ENSG00000256594,NA,-0.711995264,2.76E-10
ENSG00000256870,SLC5A8,1.942022086,4.50E-134
ENSG00000257027,NA,-0.831520055,5.56E-07
ENSG00000257069,NA,1.088370752,0.000696276
ENSG00000257335,MGAM,1.151937533,9.96E-09
ENSG00000257671,NA,-0.80119576,1.52E-06
ENSG00000257829,NA,-1.028495198,NA
ENSG00000257830,NA,-1.104006024,0.0004786
ENSG00000258402,NA,-0.614412006,0.075953405
ENSG00000258947,TUBB3,0.741641825,1.29E-18
ENSG00000259015,NA,-1.697114059,2.70E-09
ENSG00000259399,TGIF2-C20orf24,0.515259616,0.047826493
ENSG00000259527,LINC00052,2.443828766,9.45E-20
ENSG00000259605,NA,-0.367759857,0.209526868
ENSG00000259803,SLC22A31,2.177921804,1.12E-46
ENSG00000259935,NA,-0.536391167,0.127510079
ENSG00000259977,NA,1.668866388,5.26E-12
ENSG00000260007,NA,1.015273679,0.001488312
ENSG00000260025,NA,-1.309621841,3.75E-06
ENSG00000260095,NA,-0.478246962,0.153904155
ENSG00000260121,NA,-0.644748477,7.90E-06
ENSG00000260368,NA,-0.485457422,0.091500402
ENSG00000260466,NA,1.732807331,4.08E-18
ENSG00000260580,NA,-0.599904576,0.066835446
ENSG00000260774,NA,-0.426283323,0.022601637
ENSG00000260912,NA,-0.653572417,0.000133433
ENSG00000261286,NA,-0.632411453,0.000462407
ENSG00000261379,NA,2.234401159,4.15E-22
ENSG00000261578,NA,1.864311337,2.83E-19
ENSG00000262094,NA,-1.930622596,2.50E-21
ENSG00000262292,NA,-0.981209987,0.000371906
ENSG00000262772,NA,-0.76326504,5.94E-06
ENSG00000263266,RPS7P1,-0.010010203,0.981219115
ENSG00000263394,NA,-0.941825218,NA
ENSG00000263427,NA,-0.301277762,0.405489803
ENSG00000263968,RN7SL381P,-0.689852798,0.00069942
ENSG00000264230,ANXA8L1,2.218276684,3.10E-17
ENSG00000264676,RN7SL204P,-1.160335679,5.57E-05
ENSG00000265190,ANXA8,2.549651773,1.96E-23
ENSG00000265246,NA,-1.244341731,2.82E-08
ENSG00000265690,NA,-1.121200652,9.80E-16
ENSG00000265778,NA,1.341265955,1.03E-08
ENSG00000265943,NA,1.539015242,1.30E-09
ENSG00000266411,NA,-0.309446395,0.389403943
ENSG00000266714,MYO15B,-1.078247626,5.91E-14
ENSG00000266850,NA,2.051146072,1.27E-16
ENSG00000266934,NA,-0.857377678,0.000521829
ENSG00000266970,NA,-1.148811862,2.71E-10
ENSG00000267288,NA,-0.40010828,0.11874981
ENSG00000267338,NA,-0.916923636,0.000180937
ENSG00000267366,NA,-1.212911058,NA
ENSG00000267530,NA,-1.011337511,0.000977698
ENSG00000267868,NA,-0.552884414,0.073491116
ENSG00000267882,NA,-0.719821327,0.003248788
ENSG00000268104,SLC6A14,1.136860557,3.80E-76
ENSG00000268621,NA,-0.753936789,0.017154884
ENSG00000269887,NA,-0.839365815,0.00075433
ENSG00000270124,NA,-0.593527623,0.076388518
ENSG00000271367,NA,1.244521123,7.56E-05
ENSG00000271614,LINC00936,-0.843809706,9.70E-07
ENSG00000271857,NA,1.062341157,0.000842569
ENSG00000271880,AGAP11,-0.965557283,1.43E-05
ENSG00000272079,NA,-1.400693293,2.87E-09
ENSG00000272512,NA,-0.648571802,0.002414788
ENSG00000272622,NA,2.303129275,1.04E-43
ENSG00000272732,NA,-1.149761069,1.71E-05
ENSG00000272734,ADIRF-AS1,-0.752155191,2.74E-07
ENSG00000272746,NA,-1.644826995,5.61E-08
ENSG00000272894,NA,-0.773603034,0.000210301
ENSG00000273248,NA,-0.403065525,0.234594614
ENSG00000273361,NA,-0.39775368,0.204452971
ENSG00000273445,NA,3.192466449,3.33E-73
ENSG00000273464,NA,-1.902998849,NA
ENSG00000273703,HIST1H2BM,0.749200721,2.76E-11
ENSG00000274290,HIST1H2BE,2.785447103,1.94E-106
ENSG00000274370,NA,-1.11391106,NA
ENSG00000274391,TPTE,-0.508532014,0.007475426
ENSG00000274403,NA,-0.857922555,0.006897254
ENSG00000274928,KRT89P,-1.865017615,7.44E-32
ENSG00000274974,NA,-0.372998511,0.035569173
ENSG00000275017,NA,-0.483548263,0.155554782
ENSG00000275077,NA,-0.712892805,0.029198117
ENSG00000275649,NA,1.080943511,4.74E-06
ENSG00000275783,NA,-0.372998511,0.035569173
ENSG00000275894,NA,-0.44457982,0.063670489
ENSG00000276116,FUT8-AS1,-1.232578217,1.12E-10
ENSG00000276368,HIST1H2AJ,0.397947926,5.88E-06
ENSG00000276390,NA,1.016659126,0.000427841
ENSG00000276600,RAB7B,3.077531979,4.49E-44
ENSG00000276603,NA,-0.103965504,0.769613018
ENSG00000276850,NA,1.728041169,8.10E-12
ENSG00000277324,NA,-1.082602845,0.000175642
ENSG00000277385,NA,-0.367098202,0.286711992
ENSG00000277511,NA,0.837582034,0.010726587
ENSG00000277738,NA,1.777805462,5.11E-11
ENSG00000277901,NA,-1.388777727,8.50E-08
ENSG00000277958,NA,-0.238234313,NA
ENSG00000278231,NA,-1.248655776,1.98E-10
ENSG00000278341,NA,-0.483193846,0.017565488
ENSG00000278354,NA,-0.372998511,0.035569173
ENSG00000278869,NA,-0.804663544,0.003411281
ENSG00000278995,NA,-0.628744616,0.061540487
ENSG00000279154,NA,-0.660251791,0.018094439
ENSG00000279165,NA,-0.650062707,0.018179256
ENSG00000279275,NA,-1.442302667,NA
ENSG00000279277,NA,-0.693290744,0.010021657
ENSG00000279372,NA,-0.746903719,0.019178022
ENSG00000279382,NA,-0.666887374,3.63E-05
ENSG00000279576,NA,-0.545324656,0.000130482
ENSG00000279716,NA,-0.520310416,0.003510771
ENSG00000279873,LINC01126,-0.903596535,1.29E-05
ENSG00000280202,NA,-0.501900228,0.039756579
ENSG00000280217,NA,-1.082234271,5.92E-32
ENSG00000280721,NA,-0.639443395,0.019828762
ENSG00000280816,NA,-0.821691629,0.000862516
ENSG00000280871,NA,-0.220346892,0.347375613